<?xml version="1.0" encoding="UTF-8"?>
<!DOCTYPE mapper PUBLIC "-//mybatis.org//DTD Mapper 3.0//EN" "http://mybatis.org/dtd/mybatis-3-mapper.dtd">

<mapper namespace="com.qh.pay.dao.RecordFoundAcctDao">

	<select id="get" resultType="com.qh.pay.domain.RecordFoundAcctDO">
		select `order_no`,`merch_no`,`fee_type`,`order_type`,`username`,`before_amt`,`tran_amt`,`after_amt`,`profit_loss`,`crt_date`,`changeUser` from record_found_acct
		where order_no = #{orderNo} and merch_no = #{merchNo} and fee_type = #{feeType}
	</select>

	<select id="list" resultType="com.qh.pay.domain.RecordFoundAcctDO">
		select `order_no`,`merch_no`,`fee_type`,`order_type`,`username`,`before_amt`,`tran_amt`,`after_amt`,`profit_loss`,`crt_date`,`changeUser` from record_found_acct
        <where>  
	  		  <if test="orderNo != null and orderNo != ''"> and order_no = #{orderNo} </if>
	  		  <if test="merchNo != null and merchNo != ''"> and merch_no = #{merchNo} </if>
	  		  <if test="feeType != null and feeType != ''"> and fee_type = #{feeType} </if>
	  		  <if test="orderType != null and orderType != ''"> and order_type = #{orderType} </if>
	  		  <if test="username != null and username != ''"> and username = #{username} </if>
	  		  <if test="profitLoss != null and profitLoss != ''"> and profit_loss = #{profitLoss} </if>
	  		  <if test="beginDate != null and beginDate != ''"> and crt_date <![CDATA[>=]]> #{beginDate} </if>
	  		<if test="endDate != null and endDate != ''">  and crt_date <![CDATA[<=]]> #{endDate} </if>
		</where>
        <choose>
            <when test="sort != null and sort.trim() != ''">
                order by ${sort} ${order}
            </when>
			<otherwise>
                order by crt_date desc
			</otherwise>
        </choose>
		<if test="offset != null and limit != null">
			limit #{offset}, #{limit}
		</if>
	</select>
	
	<select id="count" resultType="int">
		select count(1) from record_found_acct
        <where>  
	  		  <if test="orderNo != null and orderNo != ''"> and order_no = #{orderNo} </if>
	  		  <if test="merchNo != null and merchNo != ''"> and merch_no = #{merchNo} </if>
	  		  <if test="feeType != null and feeType != ''"> and fee_type = #{feeType} </if>
	  		  <if test="orderType != null and orderType != ''"> and order_type = #{orderType} </if>
	  		  <if test="username != null and username != ''"> and username = #{username} </if>
	  		  <if test="profitLoss != null and profitLoss != ''"> and profit_loss = #{profitLoss} </if>
	  		  <if test="beginDate != null and beginDate != ''"> and crt_date <![CDATA[>=]]> #{beginDate} </if>
	  		<if test="endDate != null and endDate != ''">  and crt_date <![CDATA[<=]]> #{endDate} </if>
		</where>
	</select>
	
	<insert id="save" parameterType="com.qh.pay.domain.RecordFoundAcctDO">
		insert into record_found_acct
		(
			`order_no`, 
			`merch_no`, 
			`fee_type`, 
			`order_type`, 
			`username`, 
			`before_amt`, 
			`tran_amt`, 
			`after_amt`, 
			`profit_loss`, 
			`crt_date`,
			`changeUser`
		)
		values
		(
			#{orderNo}, 
			#{merchNo}, 
			#{feeType}, 
			#{orderType}, 
			#{username}, 
			#{beforeAmt}, 
			#{tranAmt}, 
			#{afterAmt}, 
			#{profitLoss}, 
			#{crtDate},
			#{changeUser}
		)
	</insert>
	 
	<update id="update" parameterType="com.qh.pay.domain.RecordFoundAcctDO">
		update record_found_acct 
		<set>
			<if test="username != null">`username` = #{username}, </if>
			<if test="beforeAmt != null">`before_amt` = #{beforeAmt}, </if>
			<if test="tranAmt != null">`tran_amt` = #{tranAmt}, </if>
			<if test="afterAmt != null">`after_amt` = #{afterAmt}, </if>
			<if test="profitLoss != null">`profit_loss` = #{profitLoss}, </if>
		</set>
		where order_no = #{orderNo} and merch_no = #{merchNo} and fee_type = #{feeType}
	</update>
	
	<delete id="remove">
		delete from record_found_acct where order_no = #{orderNo} and merch_no = #{merchNo} and fee_type = #{feeType}
	</delete>
	
</mapper>