<?xml version="1.0" encoding="UTF-8"?>
<configuration>
	<!-- 项目的appid -->
	<property name="APP_ID" value="pay-product" />
	<property name="LOG_PATH" value="D://logs"></property>
	<appender name="STDOUT" class="ch.qos.logback.core.ConsoleAppender">
		<encoder>
			<pattern>%d{yyyy-MM-dd HH:mm:ss} %-4relative [%thread] %-5level	%logger{35} - %msg %n</pattern>
		</encoder>
	</appender>
	<appender name="FILE_LOG"
		class="ch.qos.logback.core.rolling.RollingFileAppender">
		<filter class="ch.qos.logback.classic.filter.LevelFilter">
			<level>DEBUG</level>
		</filter>
		<file>${LOG_PATH}/${APP_ID}/access.log</file>
		<rollingPolicy class="ch.qos.logback.core.rolling.TimeBasedRollingPolicy">
			<fileNamePattern>${LOG_PATH}/${APP_ID}/access.log.%d{yyyy-MM-dd}.zip
			</fileNamePattern>
			<maxHistory>10</maxHistory>
		</rollingPolicy>
		<encoder>
			<pattern>%d{yyyy-MM-dd HH:mm:ss} %-4relative [%thread] %-5level
				%logger{35} - %msg%n</pattern>
		</encoder>
	</appender>

	<appender name="FILE_DEBUG"
		class="ch.qos.logback.core.rolling.RollingFileAppender">
		<filter class="ch.qos.logback.classic.filter.LevelFilter">
			<level>DEBUG</level>
			<onMatch>ACCEPT</onMatch>
			<onMismatch>DENY</onMismatch>
		</filter>
		<file>${LOG_PATH}/${APP_ID}/access_debug.log</file>
		<rollingPolicy class="ch.qos.logback.core.rolling.TimeBasedRollingPolicy">
			<fileNamePattern>${LOG_PATH}/${APP_ID}/access_debug.log.%d{yyyy-MM-dd}.zip
			</fileNamePattern>
			<maxHistory>10</maxHistory>
		</rollingPolicy>
		<encoder>
			<pattern>%d{yyyy-MM-dd HH:mm:ss} %-4relative [%thread] %-5level
				%logger{35} - %msg%n</pattern>
		</encoder>
	</appender>
	<appender name="FILE_INFO"
		class="ch.qos.logback.core.rolling.RollingFileAppender">
		<filter class="ch.qos.logback.classic.filter.LevelFilter">
			<level>INFO</level>
			<onMatch>ACCEPT</onMatch>
			<onMismatch>DENY</onMismatch>
		</filter>
		<file>${LOG_PATH}/${APP_ID}/access_info.log</file>
		<rollingPolicy class="ch.qos.logback.core.rolling.TimeBasedRollingPolicy">
			<fileNamePattern>${LOG_PATH}/${APP_ID}/access_info.log.%d{yyyy-MM-dd}.zip
			</fileNamePattern>
			<maxHistory>10</maxHistory>
		</rollingPolicy>
		<encoder>
			<pattern>%d{yyyy-MM-dd HH:mm:ss} %-4relative [%thread] %-5level
				%logger{35} - %msg%n</pattern>
		</encoder>
	</appender>

	<appender name="FILE_WARN"
		class="ch.qos.logback.core.rolling.RollingFileAppender">
		<filter class="ch.qos.logback.classic.filter.LevelFilter">
			<level>WARN</level>
			<onMatch>ACCEPT</onMatch>
			<onMismatch>DENY</onMismatch>
		</filter>
		<file>${LOG_PATH}/${APP_ID}/access_warn.log</file>
		<rollingPolicy class="ch.qos.logback.core.rolling.TimeBasedRollingPolicy">
			<fileNamePattern>${LOG_PATH}/${APP_ID}/access_warn.log.%d{yyyy-MM-dd}.zip
			</fileNamePattern>
			<maxHistory>10</maxHistory>
		</rollingPolicy>
		<encoder>
			<pattern>%d{yyyy-MM-dd HH:mm:ss} %-4relative [%thread] %-5level
				%logger{35} - %msg%n</pattern>
		</encoder>
	</appender>
	<appender name="FILE_ERROR"
		class="ch.qos.logback.core.rolling.RollingFileAppender">
		<filter class="ch.qos.logback.classic.filter.LevelFilter">
			<level>ERROR</level>
			<onMatch>ACCEPT</onMatch>
			<onMismatch>DENY</onMismatch>
		</filter>
		<file>${LOG_PATH}/${APP_ID}/access_error.log</file>
		<rollingPolicy class="ch.qos.logback.core.rolling.TimeBasedRollingPolicy">
			<fileNamePattern>${LOG_PATH}/${APP_ID}/access_error.log.%d{yyyy-MM-dd}.zip
			</fileNamePattern>
			<maxHistory>10</maxHistory>
		</rollingPolicy>
		<encoder>
			<pattern>%d{yyyy-MM-dd HH:mm:ss} %-4relative [%thread] %-5level
				%logger{35} - %msg%n</pattern>
		</encoder>
	</appender>


	<appender name="ASYNC_LOG" class="ch.qos.logback.classic.AsyncAppender">
		<!-- 不丢失日志.默认的,如果队列的80%已满,则会丢弃TRACT、DEBUG、INFO级别的日志 -->
		<discardingThreshold>0</discardingThreshold>
		<!-- 更改默认的队列的深度,该值会影响性能.默认值为256 -->
		<queueSize>512</queueSize>
		<appender-ref ref="FILE_LOG" />
	</appender>
	<appender name="ASYNC_LOG" class="ch.qos.logback.classic.AsyncAppender">
		<!-- 不丢失日志.默认的,如果队列的80%已满,则会丢弃TRACT、DEBUG、INFO级别的日志 -->
		<discardingThreshold>0</discardingThreshold>
		<!-- 更改默认的队列的深度,该值会影响性能.默认值为256 -->
		<queueSize>512</queueSize>
		<appender-ref ref="FILE_LOG" />
	</appender>
	<appender name="ASYNC_LOG_DEBUG" class="ch.qos.logback.classic.AsyncAppender">
		<!-- 不丢失日志.默认的,如果队列的80%已满,则会丢弃TRACT、DEBUG、INFO级别的日志 -->
		<discardingThreshold>0</discardingThreshold>
		<!-- 更改默认的队列的深度,该值会影响性能.默认值为256 -->
		<queueSize>512</queueSize>
		<appender-ref ref="FILE_DEBUG" />
	</appender>
	<appender name="ASYNC_LOG_INFO" class="ch.qos.logback.classic.AsyncAppender">
		<!-- 不丢失日志.默认的,如果队列的80%已满,则会丢弃TRACT、DEBUG、INFO级别的日志 -->
		<discardingThreshold>0</discardingThreshold>
		<!-- 更改默认的队列的深度,该值会影响性能.默认值为256 -->
		<queueSize>512</queueSize>
		<appender-ref ref="FILE_INFO" />
	</appender>
	<appender name="ASYNC_LOG_WARN" class="ch.qos.logback.classic.AsyncAppender">
		<!-- 不丢失日志.默认的,如果队列的80%已满,则会丢弃TRACT、DEBUG、INFO级别的日志 -->
		<discardingThreshold>0</discardingThreshold>
		<!-- 更改默认的队列的深度,该值会影响性能.默认值为256 -->
		<queueSize>512</queueSize>
		<appender-ref ref="FILE_WARN" />
	</appender>
	<appender name="ASYNC_LOG_ERROR" class="ch.qos.logback.classic.AsyncAppender">
		<!-- 不丢失日志.默认的,如果队列的80%已满,则会丢弃TRACT、DEBUG、INFO级别的日志 -->
		<discardingThreshold>0</discardingThreshold>
		<!-- 更改默认的队列的深度,该值会影响性能.默认值为256 -->
		<queueSize>512</queueSize>
		<appender-ref ref="FILE_ERROR" />
	</appender>
	<root level="INFO">
		<!-- appender referenced after it is defined -->
		<appender-ref ref="STDOUT" />
		<appender-ref ref="ASYNC_LOG" />
		<appender-ref ref="ASYNC_LOG_DEBUG" />
		<appender-ref ref="ASYNC_LOG_INFO" />
		<appender-ref ref="ASYNC_LOG_WARN" />
		<appender-ref ref="ASYNC_LOG_ERROR" />
	</root>
	<logger name="org.springframework" level="INFO" />
</configuration>